"symbol","date","price"
"PCECC96",1947-01-01,1351.397
"PCECC96",1947-04-01,1373.88
"PCECC96",1947-07-01,1378.358
"PCECC96",1947-10-01,1378.796
"PCECC96",1948-01-01,1385.667
"PCECC96",1948-04-01,1401.789
"PCECC96",1948-07-01,1403.859
"PCECC96",1948-10-01,1415.063
"PCECC96",1949-01-01,1417.353
"PCECC96",1949-04-01,1439.077
"PCECC96",1949-07-01,1442.341
"PCECC96",1949-10-01,1463.488
"PCECC96",1950-01-01,1487.854
"PCECC96",1950-04-01,1512.357
"PCECC96",1950-07-01,1590.019
"PCECC96",1950-10-01,1542.087
"PCECC96",1951-01-01,1579.375
"PCECC96",1951-04-01,1534.744
"PCECC96",1951-07-01,1552.624
"PCECC96",1951-10-01,1561.67
"PCECC96",1952-01-01,1565.288
"PCECC96",1952-04-01,1595.941
"PCECC96",1952-07-01,1603.596
"PCECC96",1952-10-01,1660.168
"PCECC96",1953-01-01,1679.665
"PCECC96",1953-04-01,1689.777
"PCECC96",1953-07-01,1685.752
"PCECC96",1953-10-01,1674.449
"PCECC96",1954-01-01,1680.625
"PCECC96",1954-04-01,1702.449
"PCECC96",1954-07-01,1725.489
"PCECC96",1954-10-01,1761.703
"PCECC96",1955-01-01,1801.231
"PCECC96",1955-04-01,1835.737
"PCECC96",1955-07-01,1858.411
"PCECC96",1955-10-01,1881.748
"PCECC96",1956-01-01,1884.805
"PCECC96",1956-04-01,1891.074
"PCECC96",1956-07-01,1895.35
"PCECC96",1956-10-01,1921.479
"PCECC96",1957-01-01,1934.843
"PCECC96",1957-04-01,1938.216
"PCECC96",1957-07-01,1953.532
"PCECC96",1957-10-01,1954.346
"PCECC96",1958-01-01,1927.309
"PCECC96",1958-04-01,1943.243
"PCECC96",1958-07-01,1975.484
"PCECC96",1958-10-01,2002.318
"PCECC96",1959-01-01,2039.017
"PCECC96",1959-04-01,2070.508
"PCECC96",1959-07-01,2092.138
"PCECC96",1959-10-01,2094.495
"PCECC96",1960-01-01,2114.532
"PCECC96",1960-04-01,2141.205
"PCECC96",1960-07-01,2132.646
"PCECC96",1960-10-01,2135.408
"PCECC96",1961-01-01,2134.615
"PCECC96",1961-04-01,2166.382
"PCECC96",1961-07-01,2176.916
"PCECC96",1961-10-01,2220.704
"PCECC96",1962-01-01,2244.227
"PCECC96",1962-04-01,2271.817
"PCECC96",1962-07-01,2290.126
"PCECC96",1962-10-01,2322.53
"PCECC96",1963-01-01,2338.799
"PCECC96",1963-04-01,2360.869
"PCECC96",1963-07-01,2392.896
"PCECC96",1963-10-01,2412.836
"PCECC96",1964-01-01,2460.191
"PCECC96",1964-04-01,2503.709
"PCECC96",1964-07-01,2549.958
"PCECC96",1964-10-01,2557.236
"PCECC96",1965-01-01,2614.265
"PCECC96",1965-04-01,2643.097
"PCECC96",1965-07-01,2688.512
"PCECC96",1965-10-01,2764.094
"PCECC96",1966-01-01,2804.899
"PCECC96",1966-04-01,2812.086
"PCECC96",1966-07-01,2844.198
"PCECC96",1966-10-01,2856.047
"PCECC96",1967-01-01,2872.504
"PCECC96",1967-04-01,2911.776
"PCECC96",1967-07-01,2926.685
"PCECC96",1967-10-01,2944.594
"PCECC96",1968-01-01,3015.162
"PCECC96",1968-04-01,3061.075
"PCECC96",1968-07-01,3118.445
"PCECC96",1968-10-01,3132.511
"PCECC96",1969-01-01,3167.245
"PCECC96",1969-04-01,3187.677
"PCECC96",1969-07-01,3203.218
"PCECC96",1969-10-01,3228.82
"PCECC96",1970-01-01,3248.853
"PCECC96",1970-04-01,3263.571
"PCECC96",1970-07-01,3292.183
"PCECC96",1970-10-01,3283.245
"PCECC96",1971-01-01,3346.268
"PCECC96",1971-04-01,3377.022
"PCECC96",1971-07-01,3403.947
"PCECC96",1971-10-01,3460.427
"PCECC96",1972-01-01,3506.098
"PCECC96",1972-04-01,3572.842
"PCECC96",1972-07-01,3627.904
"PCECC96",1972-10-01,3713.038
"PCECC96",1973-01-01,3780.829
"PCECC96",1973-04-01,3779.125
"PCECC96",1973-07-01,3792.426
"PCECC96",1973-10-01,3781.115
"PCECC96",1974-01-01,3747.286
"PCECC96",1974-04-01,3760.779
"PCECC96",1974-07-01,3776.934
"PCECC96",1974-10-01,3721.726
"PCECC96",1975-01-01,3752.942
"PCECC96",1975-04-01,3814.672
"PCECC96",1975-07-01,3868.889
"PCECC96",1975-10-01,3910.492
"PCECC96",1976-01-01,3988.677
"PCECC96",1976-04-01,4025.375
"PCECC96",1976-07-01,4067.757
"PCECC96",1976-10-01,4120.536
"PCECC96",1977-01-01,4169.104
"PCECC96",1977-04-01,4191.711
"PCECC96",1977-07-01,4231.345
"PCECC96",1977-10-01,4294.965
"PCECC96",1978-01-01,4319.094
"PCECC96",1978-04-01,4411.431
"PCECC96",1978-07-01,4429.955
"PCECC96",1978-10-01,4465.702
"PCECC96",1979-01-01,4488.83
"PCECC96",1979-04-01,4485.916
"PCECC96",1979-07-01,4529.568
"PCECC96",1979-10-01,4540.839
"PCECC96",1980-01-01,4534.348
"PCECC96",1980-04-01,4432.231
"PCECC96",1980-07-01,4480.849
"PCECC96",1980-10-01,4541.39
"PCECC96",1981-01-01,4556.603
"PCECC96",1981-04-01,4556.934
"PCECC96",1981-07-01,4578.013
"PCECC96",1981-10-01,4546.699
"PCECC96",1982-01-01,4580.19
"PCECC96",1982-04-01,4594.142
"PCECC96",1982-07-01,4624.939
"PCECC96",1982-10-01,4705.953
"PCECC96",1983-01-01,4752.481
"PCECC96",1983-04-01,4849.254
"PCECC96",1983-07-01,4936.211
"PCECC96",1983-10-01,5014.874
"PCECC96",1984-01-01,5056.492
"PCECC96",1984-04-01,5127.332
"PCECC96",1984-07-01,5165.357
"PCECC96",1984-10-01,5232.266
"PCECC96",1985-01-01,5321.159
"PCECC96",1985-04-01,5370.011
"PCECC96",1985-07-01,5472.014
"PCECC96",1985-10-01,5483.866
"PCECC96",1986-01-01,5531.807
"PCECC96",1986-04-01,5592.08
"PCECC96",1986-07-01,5690.971
"PCECC96",1986-10-01,5725.812
"PCECC96",1987-01-01,5731.226
"PCECC96",1987-04-01,5809.376
"PCECC96",1987-07-01,5875.641
"PCECC96",1987-10-01,5888.065
"PCECC96",1988-01-01,5992.101
"PCECC96",1988-04-01,6036.355
"PCECC96",1988-07-01,6090.001
"PCECC96",1988-10-01,6159.246
"PCECC96",1989-01-01,6187.816
"PCECC96",1989-04-01,6216.695
"PCECC96",1989-07-01,6276.877
"PCECC96",1989-10-01,6304.157
"PCECC96",1990-01-01,6357.213
"PCECC96",1990-04-01,6376.579
"PCECC96",1990-07-01,6401.841
"PCECC96",1990-10-01,6353.139
"PCECC96",1991-01-01,6329.249
"PCECC96",1991-04-01,6381.703
"PCECC96",1991-07-01,6413.521
"PCECC96",1991-10-01,6410.312
"PCECC96",1992-01-01,6530.335
"PCECC96",1992-04-01,6574.665
"PCECC96",1992-07-01,6645.14
"PCECC96",1992-10-01,6724.342
"PCECC96",1993-01-01,6750.123
"PCECC96",1993-04-01,6811.522
"PCECC96",1993-07-01,6887.329
"PCECC96",1993-10-01,6947.788
"PCECC96",1994-01-01,7027.255
"PCECC96",1994-04-01,7081.931
"PCECC96",1994-07-01,7135.93
"PCECC96",1994-10-01,7213.079
"PCECC96",1995-01-01,7231.032
"PCECC96",1995-04-01,7294.424
"PCECC96",1995-07-01,7360.529
"PCECC96",1995-10-01,7411.873
"PCECC96",1996-01-01,7480.231
"PCECC96",1996-04-01,7560.702
"PCECC96",1996-07-01,7606.475
"PCECC96",1996-10-01,7667.062
"PCECC96",1997-01-01,7747.88
"PCECC96",1997-04-01,7782.76
"PCECC96",1997-07-01,7915.359
"PCECC96",1997-10-01,8009.964
"PCECC96",1998-01-01,8090.987
"PCECC96",1998-04-01,8233.463
"PCECC96",1998-07-01,8340.831
"PCECC96",1998-10-01,8461.33
"PCECC96",1999-01-01,8548.235
"PCECC96",1999-04-01,8679.143
"PCECC96",1999-07-01,8776.715
"PCECC96",1999-10-01,8905.093
"PCECC96",2000-01-01,9039.743
"PCECC96",2000-04-01,9124.152
"PCECC96",2000-07-01,9211.569
"PCECC96",2000-10-01,9292.05
"PCECC96",2001-01-01,9325.751
"PCECC96",2001-04-01,9344.486
"PCECC96",2001-07-01,9377.003
"PCECC96",2001-10-01,9528.302
"PCECC96",2002-01-01,9549.516
"PCECC96",2002-04-01,9597.82
"PCECC96",2002-07-01,9664.988
"PCECC96",2002-10-01,9718.745
"PCECC96",2003-01-01,9766.616
"PCECC96",2003-04-01,9878.442
"PCECC96",2003-07-01,10018.122
"PCECC96",2003-10-01,10087.092
"PCECC96",2004-01-01,10181.141
"PCECC96",2004-04-01,10236.694
"PCECC96",2004-07-01,10356.936
"PCECC96",2004-10-01,10474.084
"PCECC96",2005-01-01,10540.638
"PCECC96",2005-04-01,10657.449
"PCECC96",2005-07-01,10745.873
"PCECC96",2005-10-01,10765.68
"PCECC96",2006-01-01,10883.075
"PCECC96",2006-04-01,10939.498
"PCECC96",2006-07-01,11009.748
"PCECC96",2006-10-01,11114.771
"PCECC96",2007-01-01,11183.323
"PCECC96",2007-04-01,11212.669
"PCECC96",2007-07-01,11287.468
"PCECC96",2007-10-01,11331.949
"PCECC96",2008-01-01,11316.411
"PCECC96",2008-04-01,11347.595
"PCECC96",2008-07-01,11260.136
"PCECC96",2008-10-01,11158.801
"PCECC96",2009-01-01,11130.464
"PCECC96",2009-04-01,11075.748
"PCECC96",2009-07-01,11150.23
"PCECC96",2009-10-01,11137.946
"PCECC96",2010-01-01,11202.495
"PCECC96",2010-04-01,11302.955
"PCECC96",2010-07-01,11383.596
"PCECC96",2010-10-01,11453.368
"PCECC96",2011-01-01,11497.12
"PCECC96",2011-04-01,11508.95
"PCECC96",2011-07-01,11543.975
"PCECC96",2011-10-01,11563.89
"PCECC96",2012-01-01,11647.297
"PCECC96",2012-04-01,11667.753
"PCECC96",2012-07-01,11691.414
"PCECC96",2012-10-01,11738.007
"PCECC96",2013-01-01,11814.326
"PCECC96",2013-04-01,11848.089
"PCECC96",2013-07-01,11896.258
"PCECC96",2013-10-01,12001.027
"PCECC96",2014-01-01,12044.203
"PCECC96",2014-04-01,12159.899
"PCECC96",2014-07-01,12280.086
"PCECC96",2014-10-01,12421.595
"PCECC96",2015-01-01,12516.902
"PCECC96",2015-04-01,12603.053
"PCECC96",2015-07-01,12691.79
"PCECC96",2015-10-01,12743.411
"PCECC96",2016-01-01,12839.618
"PCECC96",2016-04-01,12903.306
"PCECC96",2016-07-01,12993.064
"PCECC96",2016-10-01,13060.061
"PCECC96",2017-01-01,13160.475
"PCECC96",2017-04-01,13225.743
"PCECC96",2017-07-01,13315.382
"PCECC96",2017-10-01,13460.902
"PCECC96",2018-01-01,13558.373
"PCECC96",2018-04-01,13630.967
"PCECC96",2018-07-01,13693.79
"PCECC96",2018-10-01,13736.572
"PCECC96",2019-01-01,13758.331
"PCECC96",2019-04-01,13875.705
"PCECC96",2019-07-01,14033.222
"PCECC96",2019-10-01,14125.274
"PCECC96",2020-01-01,13887.048
"PCECC96",2020-04-01,12685.319
"PCECC96",2020-07-01,13813.706
"PCECC96",2020-10-01,14001.366
"PCECC96",2021-01-01,14319.617
"PCECC96",2021-04-01,14820.014
"PCECC96",2021-07-01,14943.244
"PCECC96",2021-10-01,15086.862
"PCECC96",2022-01-01,15100.85
"PCECC96",2022-04-01,15224.357
"PCECC96",2022-07-01,15295.828
"PCECC96",2022-10-01,15326.248
"PCECC96",2023-01-01,15495.754
"PCECC96",2023-04-01,15553.719
"PCECC96",2023-07-01,15671.906
"PCECC96",2023-10-01,15789.717
"PCECC96",2024-01-01,15857.704
"PCECC96",2024-04-01,16009.637
"PCECC96",2024-07-01,16165.768
"PCECC96",2024-10-01,16320.89
"PCECC96",2025-01-01,16345.793
"PCECC96",2025-04-01,16445.685
"PCECC96",2025-07-01,16585.878
"PCECC96",2025-10-01,16665.219
"PCECC96",2026-01-01,16687.728
"PCECC96",2026-04-01,16817.938
